date,method,passed,balance_max_abs_kwh,soc_recurrence_max_abs_kwh,emergency_definition_max_abs_kwh,cost_max_abs_yuan,within_day_soc_continuity_max_abs_kwh,soc_min_kwh,soc_max_kwh,max_charge_kwh,max_discharge_kwh,charge_discharge_conflicts,charge_emergency_conflicts,source_causal,plan_frozen,solver_method,solver_success,solver_status_code,mip_gap,lp_initial_conflicts,incremental_rounds,active_binary_count,total_possible_binaries,model_max_constraint_violation
2025-02-01,stochastic,True,1.42108547152e-13,8.38440428197e-13,0,0,0,5332.41068519,10800,833.333333333,483.746666667,0,0,True,True,INCREMENTAL_MILP_GAP_REACHED,True,0,4.28037448275e-05,30,1,576,2880,8.98353391676e-10
2025-02-02,stochastic,True,1.13686837722e-13,7.28306304154e-13,0,0,0,1200,8551.5301973,833.333333333,764.714011905,0,0,True,True,INCREMENTAL_MILP_GAP_REACHED,True,0,2.57902735924e-06,39,1,720,2880,2.6009274734e-09
2025-02-03,stochastic,True,2.27373675443e-13,4.54747350886e-13,0,0,0,1200,7454.34648066,833.333333333,738.115,0,0,True,True,INCREMENTAL_MILP_GAP_REACHED,True,0,0.00010074694153,51,1,720,2880,2.55340637523e-10
2025-02-04,stochastic,True,2.27373675443e-13,4.54747350886e-13,0,0,0,1200,7053.08764172,833.333333333,780.615783333,0,0,True,True,INCREMENTAL_MILP_GAP_REACHED,True,0,0.000103131870796,28,1,864,2880,3.30373950419e-10
2025-02-05,stochastic,True,2.27373675443e-13,4.54747350886e-13,0,0,0,1200,7504.64054392,833.333333333,818.18702381,0,0,True,True,INCREMENTAL_MILP_GAP_REACHED,True,0,0.000129853846566,35,2,720,2880,5.7480065152e-10
2025-02-06,stochastic,True,2.27373675443e-13,4.29878355135e-13,0,0,0,1200,7166.56697096,833.333333333,833.333333333,0,0,True,True,INCREMENTAL_MILP_GAP_REACHED,True,0,9.73687607763e-05,33,1,576,2880,3.29237082042e-10
2025-02-07,stochastic,True,1.13686837722e-13,6.8212102633e-13,0,0,0,1350.03075996,10800,833.333333333,491.07015,0,0,True,True,INCREMENTAL_MILP_GAP_REACHED,True,0,0.000326792721522,38,1,864,2880,5.7832494349e-10
2025-02-08,stochastic,True,1.13686837722e-13,6.8212102633e-13,0,0,0,5030.92804681,10800,833.333333333,501.95935,0,0,True,True,INCREMENTAL_MILP_GAP_REACHED,True,0,3.31638089502e-05,40,1,576,2880,7.66476659919e-10
2025-02-09,stochastic,True,2.27373675443e-13,4.54747350886e-13,0,0,0,1200,7550.83197553,833.333333333,750.525119048,0,0,True,True,INCREMENTAL_MILP_GAP_REACHED,True,0,5.24786639573e-05,31,1,864,2880,2.11002770811e-10
2025-02-10,stochastic,True,2.27373675443e-13,4.54747350886e-13,0,0,0,1200,8101.75413487,833.333333333,743.571666667,0,0,True,True,INCREMENTAL_MILP_GAP_REACHED,True,0,0.0002323154771,37,2,864,2880,1.65617848324e-08
2025-02-11,stochastic,True,2.27373675443e-13,8.31335000839e-13,0,0,0,1200,8275.90107402,833.333333333,755.241866667,0,0,True,True,INCREMENTAL_MILP_GAP_REACHED,True,0,7.23950904245e-06,39,1,720,2880,8.18545231596e-11
2025-02-12,stochastic,True,2.27373675443e-13,4.54747350886e-13,0,0,0,1200,7285.62910371,833.333333333,747.850297619,0,0,True,True,INCREMENTAL_MILP_GAP_REACHED,True,0,1.4544819639e-05,39,1,720,2880,2.25213625527e-10
2025-02-13,stochastic,True,2.27373675443e-13,7.38964445191e-13,0,0,0,1200,8616.19444434,833.333333333,759.06375,0,0,True,True,INCREMENTAL_MILP_GAP_REACHED,True,0,2.16310095027e-05,46,1,720,2880,7.4248873716e-10
2025-02-14,stochastic,True,1.13686837722e-13,3.5527136788e-13,0,0,0,1383.79499966,10800,833.333333333,491.83252381,0,0,True,True,INCREMENTAL_MILP_GAP_REACHED,True,0,0.000176421001807,54,1,720,2880,2.01703187486e-09
2025-02-15,stochastic,True,1.13686837722e-13,6.39488462184e-13,0,0,0,5089.09151119,10800,833.333333333,501.206433333,0,0,True,True,INCREMENTAL_MILP_GAP_REACHED,True,0,6.65967325675e-05,38,1,720,2880,7.20092430129e-10
2025-02-16,stochastic,True,2.27373675443e-13,4.54747350886e-13,0,0,0,1200,7500.05212614,833.333333333,822.598571429,0,0,True,True,INCREMENTAL_MILP_GAP_REACHED,True,0,0.000615451680174,41,1,864,2880,5.61612978345e-10
2025-02-17,stochastic,True,2.27373675443e-13,4.32098801184e-13,0,0,0,1200,8026.23964672,833.333333333,748.876583333,0,0,True,True,INCREMENTAL_MILP_GAP_REACHED,True,0,7.82066095824e-05,43,1,720,2880,1.45678313856e-09
2025-02-18,stochastic,True,2.27373675443e-13,4.54747350886e-13,0,0,0,1200,7205.77305077,833.333333333,821.732254762,0,0,True,True,INCREMENTAL_MILP_GAP_REACHED,True,0,0.000153469631576,45,1,720,2880,7.3850969784e-10
2025-02-19,stochastic,True,1.13686837722e-13,4.54747350886e-13,0,0,0,1200,7292.74256312,833.333333333,815.181164286,0,0,True,True,INCREMENTAL_MILP_GAP_REACHED,True,0,0.000128151762431,47,1,720,2880,7.66249286244e-11
2025-02-20,stochastic,True,2.27373675443e-13,8.63309423949e-13,0,0,0,1200,8331.98452108,833.333333333,833.333333333,0,0,True,True,INCREMENTAL_MILP_GAP_REACHED,True,0,5.96930566591e-05,62,1,576,2880,4.54747350886e-12
2025-02-21,stochastic,True,1.13686837722e-13,6.8212102633e-13,0,0,0,1373.37609015,10800,833.333333333,475.426666667,0,0,True,True,INCREMENTAL_MILP_GAP_REACHED,True,0,2.03662859673e-05,32,1,720,2880,1.33468347485e-10
2025-02-22,stochastic,True,1.13686837722e-13,9.09494701773e-13,0,0,0,4797.41317508,10800,833.333333333,488.9455,0,0,True,True,INCREMENTAL_MILP_GAP_REACHED,True,0,9.69729840145e-05,32,1,576,2880,2.93664389603e-09
2025-02-23,stochastic,True,2.27373675443e-13,4.08562073062e-13,0,0,0,1200,7516.33568838,833.333333333,825.036816667,0,0,True,True,INCREMENTAL_MILP_GAP_REACHED,True,0,9.07577170037e-06,35,1,720,2880,1.7166712496e-11
2025-02-24,stochastic,True,2.27373675443e-13,4.54747350886e-13,0,0,0,1200,7644.64814905,833.333333333,833.333333333,0,0,True,True,INCREMENTAL_MILP_GAP_REACHED,True,0,2.34926483155e-05,33,1,576,2880,7.75685293775e-10
2025-02-25,stochastic,True,2.27373675443e-13,5.22248910784e-13,0,0,0,1200,8192.34011926,833.333333333,829.564285714,0,0,True,True,INCREMENTAL_MILP_GAP_REACHED,True,0,0.00020359776766,43,1,720,2880,3.99609234591e-10
2025-02-26,stochastic,True,2.27373675443e-13,4.54747350886e-13,0,0,0,1200,7153.6083911,833.333333333,804.70125,0,0,True,True,INCREMENTAL_MILP_GAP_REACHED,True,0,3.2132312606e-05,35,2,720,2880,7.0258465712e-11
2025-02-27,stochastic,True,1.13686837722e-13,4.54747350886e-13,0,0,0,1200,7607.35381587,833.333333333,827.801661905,0,0,True,True,INCREMENTAL_MILP_GAP_REACHED,True,0,3.90110671466e-05,35,1,720,2880,1.3703811419e-09
2025-02-28,stochastic,True,1.13686837722e-13,5.68434188608e-13,0,0,0,1588.82342992,10800,833.333333333,495.463333333,0,0,True,True,INCREMENTAL_MILP_GAP_REACHED,True,0,7.07196833427e-05,28,1,576,2880,2.23531060328e-09
2025-03-01,stochastic,True,1.13686837722e-13,6.25277607469e-13,0,0,0,4939.25361233,10800,833.333333333,478.946833333,0,0,True,True,INCREMENTAL_MILP_GAP_REACHED,True,0,0.000203392774677,39,1,576,2880,9.77161107585e-09
2025-03-02,stochastic,True,1.26121335597e-13,4.4408920985e-13,0,0,0,1200,7202.16372778,833.333333333,756.50457619,0,0,True,True,INCREMENTAL_MILP_GAP_REACHED,True,0,4.60719836575e-08,26,1,576,2880,1.87157411347e-07
2025-03-03,stochastic,True,2.27373675443e-13,4.19220214098e-13,0,0,0,1200,6831.54185373,833.333333333,785.110404762,0,0,True,True,INCREMENTAL_MILP_GAP_REACHED,True,0,1.89590959438e-05,27,2,720,2880,5.16820364282e-10
2025-03-04,stochastic,True,2.27373675443e-13,4.54747350886e-13,0,0,0,1200,7349.06343737,833.333333333,801.12485,0,0,True,True,INCREMENTAL_MILP_GAP_REACHED,True,0,0.000400969208344,44,1,720,2880,3.79932380686e-10
2025-03-05,stochastic,True,1.13686837722e-13,4.12114786741e-13,0,0,0,1200,7948.99608775,833.333333333,819.651904762,0,0,True,True,INCREMENTAL_MILP_GAP_REACHED,True,0,0.00025396300973,60,1,720,2880,2.01680450118e-09
2025-03-06,stochastic,True,1.13686837722e-13,4.26325641456e-13,0,0,0,1200,7270.4041484,833.333333333,769.984,0,0,True,True,INCREMENTAL_MILP_GAP_REACHED,True,0,3.48251162773e-05,48,1,720,2880,1.09025677375e-10
2025-03-07,stochastic,True,1.13686837722e-13,3.97903932026e-13,0,0,0,1362.90973286,10800,833.333333333,456.531166667,0,0,True,True,INCREMENTAL_MILP_GAP_REACHED,True,0,0.000212185143038,51,1,576,2880,2.8342128644e-10
2025-03-08,stochastic,True,5.68434188608e-14,7.95807864051e-13,0,0,0,4882.22278053,10800,833.333333333,464.627666667,0,0,True,True,INCREMENTAL_MILP_GAP_REACHED,True,0,0.000116023623452,48,1,720,2880,3.90286913898e-10
2025-03-09,stochastic,True,2.27373675443e-13,7.24753590475e-13,0,0,0,1200,8756.31783288,833.333333333,780.831666667,0,0,True,True,INCREMENTAL_MILP_GAP_REACHED,True,0,0.000335126142479,55,1,720,2880,4.80213202536e-10
2025-03-10,stochastic,True,1.13686837722e-13,3.90798504668e-13,0,0,0,1200,7184.4478459,833.333333333,822.232883333,0,0,True,True,INCREMENTAL_MILP_GAP_REACHED,True,0,0.000533682901522,59,1,720,2880,3.25485416397e-10
2025-03-11,stochastic,True,2.27373675443e-13,4.54747350886e-13,0,0,0,1200,7064.62951406,833.333333333,788.231516667,0,0,True,True,INCREMENTAL_MILP_GAP_REACHED,True,0,0.000376222320944,53,1,720,2880,9.89075488178e-12
2025-03-12,stochastic,True,1.13686837722e-13,4.54747350886e-13,0,0,0,1200,7800.25536871,833.333333333,795.64,0,0,True,True,INCREMENTAL_MILP_GAP_REACHED,True,0,0.000836289517506,67,1,720,2880,1.49952938955e-10
2025-03-13,stochastic,True,1.13686837722e-13,4.54747350886e-13,0,0,0,1200,6845.56866278,833.333333333,829.376666667,0,0,True,True,INCREMENTAL_MILP_GAP_REACHED,True,0,0.000128371235195,40,1,576,2880,7.95807864051e-12
2025-03-14,stochastic,True,1.13686837722e-13,8.38440428197e-13,0,0,0,1446.88205622,10800,833.333333333,496.715,0,0,True,True,INCREMENTAL_MILP_GAP_REACHED,True,0,0.000834487205831,61,1,720,2880,3.26281224261e-10
2025-03-15,stochastic,True,5.68434188608e-14,8.52651282912e-13,0,0,0,4964.53135439,10800,833.333333333,494.007383333,0,0,True,True,INCREMENTAL_MILP_GAP_REACHED,True,0,0.00026145630552,45,1,720,2880,3.11285930366e-09
2025-03-16,stochastic,True,1.13686837722e-13,4.54747350886e-13,0,0,0,1200,7167.57038218,833.333333333,832.863095238,0,0,True,True,INCREMENTAL_MILP_GAP_REACHED,True,0,0.000242237577323,46,1,720,2880,3.06499714497e-10
2025-03-17,stochastic,True,2.27373675443e-13,9.09494701773e-13,0,0,0,1200,8560.75643069,833.333333333,792.12985,0,0,True,True,INCREMENTAL_MILP_GAP_REACHED,True,0,0.000123437600816,48,1,576,2880,7.54073425924e-09
2025-03-18,stochastic,True,1.13686837722e-13,8.41104963456e-13,0,0,0,1200,8265.67925405,833.333333333,801.530416667,0,0,True,True,INCREMENTAL_MILP_GAP_REACHED,True,0,0.000100551448461,54,1,720,2880,8.78799255588e-11
2025-03-19,stochastic,True,2.27373675443e-13,7.95807864051e-13,0,0,0,1200,8387.21574675,833.333333333,815.591904762,0,0,True,True,INCREMENTAL_MILP_GAP_REACHED,True,0,0.000630852398048,61,1,720,2880,7.03721525497e-11
2025-03-20,stochastic,True,2.27373675443e-13,4.54747350886e-13,0,0,0,1200,7068.55786423,833.333333333,815.189761905,0,0,True,True,INCREMENTAL_MILP_GAP_REACHED,True,0,9.91348434607e-05,39,1,720,2880,1.25282895169e-10
2025-03-21,stochastic,True,1.13686837722e-13,7.95807864051e-13,0,0,0,1522.11884635,10800,833.333333333,494.825,0,0,True,True,INCREMENTAL_MILP_GAP_REACHED,True,0,0.000521624118343,58,1,720,2880,5.61044544156e-10
2025-03-22,stochastic,True,1.13686837722e-13,7.38964445191e-13,0,0,0,4923.60407381,10800,712.311550588,462.933333333,0,0,True,True,INCREMENTAL_MILP_GAP_REACHED,True,0,0.00044162374012,32,1,576,2880,1.50066625793e-11
2025-03-23,stochastic,True,2.27373675443e-13,6.96331881045e-13,0,0,0,1200,8988.0877568,833.333333333,817.689866667,0,0,True,True,INCREMENTAL_MILP_GAP_REACHED,True,0,0.000221454749257,36,1,576,2880,2.88650880975e-10
2025-03-24,stochastic,True,1.13686837722e-13,4.54747350886e-13,0,0,0,1200,7221.14624524,833.333333333,801.465357143,0,0,True,True,INCREMENTAL_MILP_GAP_REACHED,True,0,0.000867263939526,60,1,720,2880,2.2851054382e-11
2025-03-25,stochastic,True,1.13686837722e-13,4.54747350886e-13,0,0,0,1200,7548.29778053,833.333333333,797.932142857,0,0,True,True,INCREMENTAL_MILP_GAP_REACHED,True,0,0.000448195162241,57,1,720,2880,1.33609790418e-09
2025-03-26,stochastic,True,1.13686837722e-13,4.54747350886e-13,0,0,0,1200,7895.04842143,833.333333333,778.66922619,0,0,True,True,INCREMENTAL_MILP_GAP_REACHED,True,0,0.000474113026869,54,1,720,2880,6.36418917566e-10
2025-03-27,stochastic,True,1.13686837722e-13,4.54747350886e-13,0,0,0,1200,6587.64853417,833.333333333,766.725416667,0,0,True,True,INCREMENTAL_MILP_GAP_REACHED,True,0,0.000561692495144,51,1,576,2880,7.6693140727e-10
2025-03-28,stochastic,True,1.13686837722e-13,7.95807864051e-13,0,0,0,1399.43124075,10800,833.333333333,483.873333333,0,0,True,True,INCREMENTAL_MILP_GAP_REACHED,True,0,0.000707276504408,43,1,720,2880,1.57342583407e-10
2025-03-29,stochastic,True,5.68434188608e-14,5.68434188608e-13,0,0,0,5106.543761,10800,833.333333333,482.245,0,0,True,True,INCREMENTAL_MILP_GAP_REACHED,True,0,0.000582728713199,39,1,720,2880,2.42152964347e-11
2025-03-30,stochastic,True,2.27373675443e-13,4.54747350886e-13,0,0,0,1200,7377.59775503,833.333333333,761.579133333,0,0,True,True,INCREMENTAL_MILP_GAP_REACHED,True,0,0.000129377890636,35,1,576,2880,1.14710019261e-10
2025-03-31,stochastic,True,2.27373675443e-13,4.54747350886e-13,0,0,0,1200,6843.41583521,821.134269048,796.047083333,0,0,True,True,INCREMENTAL_MILP_GAP_REACHED,True,0,0.000324574696657,41,1,576,2880,1.11117515189e-09
2025-04-01,stochastic,True,1.13686837722e-13,4.54747350886e-13,0,0,0,1200,6880.31779451,807.418095238,755.053,0,0,True,True,INCREMENTAL_MILP_GAP_REACHED,True,0,0.000114125591963,34,1,432,2880,3.86535248253e-12
2025-04-02,stochastic,True,1.13686837722e-13,4.54747350886e-13,0,0,0,1200,6835.92534607,833.333333333,788.412916667,0,0,True,True,INCREMENTAL_MILP_GAP_REACHED,True,0,2.819230709e-05,25,1,432,2880,8.62883098307e-11
2025-04-03,stochastic,True,2.27373675443e-13,4.54747350886e-13,0,0,0,1200,7149.09752797,833.333333333,779.54625,0,0,True,True,INCREMENTAL_MILP_GAP_REACHED,True,0,0.000256189499516,41,1,576,2880,1.84252257895e-09
2025-04-04,stochastic,True,1.13686837722e-13,7.38964445191e-13,0,0,0,1385.21694158,10800,833.333333333,503.503333333,0,0,True,True,INCREMENTAL_MILP_GAP_REACHED,True,0,0.000570956734221,48,1,576,2880,5.18411980011e-11
2025-04-05,stochastic,True,1.13686837722e-13,4.26325641456e-13,0,0,0,5076.57855903,10800,833.333333333,483.917733333,0,0,True,True,INCREMENTAL_MILP_GAP_REACHED,True,0,0.000125943281823,35,1,720,2880,1.88151716429e-10
2025-04-06,stochastic,True,1.13686837722e-13,4.09228206877e-13,0,0,0,1200,7739.07566235,833.333333333,738.60125,0,0,True,True,INCREMENTAL_MILP_GAP_REACHED,True,0,0.000353993981897,40,1,576,2880,1.81898940355e-11
2025-04-07,stochastic,True,1.13686837722e-13,4.54747350886e-13,0,0,0,1200,7010.0617695,833.333333333,735.019016667,0,0,True,True,INCREMENTAL_MILP_GAP_REACHED,True,0,0.000258225826972,45,2,720,2880,2.74326339422e-10
2025-04-08,stochastic,True,1.13686837722e-13,3.41060513165e-13,0,0,0,1200,7724.38117588,833.333333333,745.371666667,0,0,True,True,INCREMENTAL_MILP_GAP_REACHED,True,0,0.000227502112055,45,1,576,2880,7.38964445191e-11
2025-04-09,stochastic,True,1.13686837722e-13,4.54747350886e-13,0,0,0,1200,6911.09300261,833.333333333,749.65525,0,0,True,True,INCREMENTAL_MILP_GAP_REACHED,True,0,0.000484039263852,41,1,576,2880,1.44150272622e-10
2025-04-10,stochastic,True,1.13686837722e-13,4.54747350886e-13,0,0,0,1200,6956.69670452,833.333333333,759.601616667,0,0,True,True,INCREMENTAL_MILP_GAP_REACHED,True,0,0,28,2,720,2880,8.54925019667e-11
2025-04-11,stochastic,True,5.68434188608e-14,7.95807864051e-13,0,0,0,1640.71615547,10800,833.333333333,493.153333333,0,0,True,True,INCREMENTAL_MILP_GAP_REACHED,True,0,0.000152461627434,48,1,576,2880,3.59409568773e-09
2025-04-12,stochastic,True,1.13686837722e-13,4.54747350886e-13,0,0,0,5155.31942984,10800,831.93207381,476.153933333,0,0,True,True,INCREMENTAL_MILP_GAP_REACHED,True,0,9.40469371876e-05,34,1,576,2880,8.60609361553e-11
2025-04-13,stochastic,True,1.13686837722e-13,4.54747350886e-13,0,0,0,1200,7365.04243304,833.333333333,748.98,0,0,True,True,INCREMENTAL_MILP_GAP_REACHED,True,0,0.000108358652416,36,1,576,2880,1.476792022e-10
2025-04-14,stochastic,True,1.13686837722e-13,4.61852778244e-13,0,0,0,1200,8403.37947429,833.333333333,759.316666667,0,0,True,True,INCREMENTAL_MILP_GAP_REACHED,True,0,5.72509272538e-05,42,1,576,2880,3.58340912499e-10
2025-04-15,stochastic,True,1.13686837722e-13,4.54747350886e-13,0,0,0,1200,6798.29086002,833.333333333,748.32215,0,0,True,True,INCREMENTAL_MILP_GAP_REACHED,True,0,0.000102410566138,31,1,432,2880,3.99382342157e-10
2025-04-16,stochastic,True,2.27373675443e-13,3.62376795238e-13,0,0,0,1200,6966.16960248,833.333333333,730.531666667,0,0,True,True,INCREMENTAL_MILP_GAP_REACHED,True,0,0.000356212937978,56,1,576,2880,3.75166564481e-12
2025-04-17,stochastic,True,1.13686837722e-13,4.54747350886e-13,0,0,0,1200,7014.31942407,833.333333333,738.6191,0,0,True,True,INCREMENTAL_MILP_GAP_REACHED,True,0,0.000419068912245,46,1,432,2880,3.91082721762e-11
2025-04-18,stochastic,True,1.13686837722e-13,7.67386154621e-13,0,0,0,1642.56981789,10800,833.333333333,470.835733333,0,0,True,True,INCREMENTAL_MILP_GAP_REACHED,True,0,0.000659852052464,53,1,576,2880,1.34605215862e-09
2025-04-19,stochastic,True,1.13686837722e-13,4.54747350886e-13,0,0,0,5031.34016402,10800,805.322004115,475.26865,0,0,True,True,INCREMENTAL_MILP_GAP_REACHED,True,0,0.000301164321193,42,1,576,2880,1.63709046319e-11
2025-04-20,stochastic,True,1.13686837722e-13,4.54747350886e-13,0,0,0,1200,7214.83976047,833.333333333,721.5449,0,0,True,True,INCREMENTAL_MILP_GAP_REACHED,True,0,0.000283834991009,35,1,576,2880,1.0759322322e-09
2025-04-21,stochastic,True,2.27373675443e-13,7.74491581979e-13,0,0,0,1200,8860.28581892,833.333333333,733.593816667,0,0,True,True,INCREMENTAL_MILP_GAP_REACHED,True,0,0.00031891861907,53,1,576,2880,2.54681253864e-09
2025-04-22,stochastic,True,1.13686837722e-13,3.86579657174e-13,0,0,0,1200,6732.97877167,833.333333333,733.311866667,0,0,True,True,INCREMENTAL_MILP_GAP_REACHED,True,0,0.0003670733579,37,1,576,2880,6.31962393527e-09
2025-04-23,stochastic,True,2.27373675443e-13,4.54747350886e-13,0,0,0,1200,6449.60018283,833.333333333,748.36945,0,0,True,True,INCREMENTAL_MILP_FEASIBLE_TIME_LIMIT,False,1,0.000689895846031,36,1,576,2880,9.96806193143e-10
2025-04-24,stochastic,True,1.13686837722e-13,9.09494701773e-13,0,0,0,1200,9207.28993286,833.333333333,738.55,0,0,True,True,INCREMENTAL_MILP_GAP_REACHED,True,0,0.000645547277087,32,1,576,2880,6.08224581811e-11
2025-04-25,stochastic,True,1.13686837722e-13,6.8212102633e-13,0,0,0,1571.6967659,10800,833.333333333,490.208333333,0,0,True,True,INCREMENTAL_MILP_GAP_REACHED,True,0,0.000136289788797,37,1,432,2880,3.56521923095e-09
2025-04-26,stochastic,True,1.13686837722e-13,4.54747350886e-13,0,0,0,4992.75817103,10800,610.346570165,472.6257,0,0,True,True,INCREMENTAL_MILP_GAP_REACHED,True,0,4.55332496331e-05,33,1,432,2880,9.71340341493e-10
2025-04-27,stochastic,True,2.27373675443e-13,4.43312053733e-13,0,0,0,1200,6895.49671539,833.333333333,723.339966667,0,0,True,True,INCREMENTAL_MILP_FEASIBLE_TIME_LIMIT,False,1,0.000118712847698,20,1,576,2880,2.3203483579e-10
2025-04-28,stochastic,True,2.27373675443e-13,4.05009359383e-13,0,0,0,1200,6611.42781217,833.333333333,720.45345,0,0,True,True,INCREMENTAL_MILP_GAP_REACHED,True,0,5.32580562933e-08,50,1,576,2880,5.73550096306e-10
2025-04-29,stochastic,True,1.13686837722e-13,4.26325641456e-13,0,0,0,1200,7111.5882325,833.333333333,727.43355,0,0,True,True,INCREMENTAL_MILP_GAP_REACHED,True,0,2.62747460764e-05,47,1,432,2880,4.56680027128e-10
2025-04-30,stochastic,True,1.13686837722e-13,4.54747350886e-13,0,0,0,1200,7559.59819714,822.619047619,746.837833333,0,0,True,True,INCREMENTAL_MILP_GAP_REACHED,True,0,2.71902560222e-06,51,1,432,2880,9.54925029749e-09
2025-05-01,stochastic,True,1.13686837722e-13,4.54747350886e-13,0,0,0,1200,6886.20435976,833.333333333,802.63905,0,0,True,True,INCREMENTAL_MILP_FEASIBLE_TIME_LIMIT,False,1,0.000109015836292,27,1,432,2880,3.41060513165e-11
2025-05-02,stochastic,True,1.13686837722e-13,4.54747350886e-13,0,0,0,1349.85910714,10800,833.333333333,546.41555,0,0,True,True,INCREMENTAL_MILP_GAP_REACHED,True,0,0.000989396377293,44,1,432,2880,4.54747350886e-11
2025-05-03,stochastic,True,1.13686837722e-13,7.95807864051e-13,0,0,0,4271.01472222,10800,589.791273339,572.508333333,0,0,True,True,INCREMENTAL_MILP_GAP_REACHED,True,0,0.000349067257873,29,1,432,2880,4.49631443189e-10
2025-05-04,stochastic,True,2.27373675443e-13,4.54747350886e-13,0,0,0,1200,7280.34416135,833.333333333,803.8746,0,0,True,True,INCREMENTAL_MILP_GAP_REACHED,True,0,0.00026930403136,38,1,432,2880,4.28258317697e-10
2025-05-05,stochastic,True,1.13686837722e-13,4.12114786741e-13,0,0,0,1200,6789.97204923,833.333333333,809.241683333,0,0,True,True,INCREMENTAL_MILP_GAP_REACHED,True,0,0.000511684516658,49,1,432,2880,4.72175543109e-09
2025-05-06,stochastic,True,1.13686837722e-13,4.54747350886e-13,0,0,0,1200,8047.48746404,833.333333333,800.363333333,0,0,True,True,INCREMENTAL_MILP_GAP_REACHED,True,0,0.000402406656374,54,1,576,2880,2.76259015664e-11
2025-05-07,stochastic,True,2.27373675443e-13,4.54747350886e-13,0,0,0,1200,6405.62277479,833.333333333,812.301666667,0,0,True,True,INCREMENTAL_MILP_GAP_REACHED,True,0,8.19134210006e-05,41,1,432,2880,5.45696821064e-12
2025-05-08,stochastic,True,1.13686837722e-13,4.33431068814e-13,0,0,0,1200,6060.47460051,833.333333333,833.333333333,0,0,True,True,INCREMENTAL_MILP_GAP_REACHED,True,0,5.30847087085e-07,25,2,576,2880,2.41243469645e-10
2025-05-09,stochastic,True,1.13686837722e-13,4.54747350886e-13,0,0,0,1766.41515399,10800,833.333333333,560.7918,0,0,True,True,INCREMENTAL_MILP_GAP_REACHED,True,0,1.40704344487e-05,30,2,576,2880,5.11590769747e-11
2025-05-10,stochastic,True,5.68434188608e-14,4.54747350886e-13,0,0,0,4942.75483069,10800,703.403075691,537.051666667,0,0,True,True,INCREMENTAL_MILP_GAP_REACHED,True,0,0.000243703194738,27,1,576,2880,6.16068973613e-10
2025-05-11,stochastic,True,1.13686837722e-13,4.54747350886e-13,0,0,0,1200,6475.86288861,833.333333333,833.333333333,0,0,True,True,INCREMENTAL_MILP_GAP_REACHED,True,0,2.77273474315e-05,27,2,576,2880,3.51064954884e-08
2025-05-12,stochastic,True,2.27373675443e-13,3.74811293113e-13,0,0,0,1200,6171.58907901,833.333333333,804.811333333,0,0,True,True,INCREMENTAL_MILP_GAP_REACHED,True,0,0.000106512255379,37,1,720,2880,2.61024979409e-10
2025-05-13,stochastic,True,1.13686837722e-13,4.26325641456e-13,0,0,0,1200,7298.47852725,833.333333333,795.524907143,0,0,True,True,INCREMENTAL_MILP_GAP_REACHED,True,0,0.000177968884535,26,2,576,2880,7.13953340892e-11
2025-05-14,stochastic,True,1.13686837722e-13,4.54747350886e-13,0,0,0,1200,7628.26016065,833.333333333,778.433780952,0,0,True,True,INCREMENTAL_MILP_GAP_REACHED,True,0,0.000134890230028,32,2,576,2880,1.93267624127e-10
2025-05-15,stochastic,True,2.27373675443e-13,4.54747350886e-13,0,0,0,1200,6329.58436683,833.333333333,756.623185714,0,0,True,True,INCREMENTAL_MILP_GAP_REACHED,True,0,0.000146700919646,27,1,576,2880,5.49107426195e-11
2025-05-16,stochastic,True,1.13686837722e-13,3.97903932026e-13,0,0,0,1992.92202585,10800,833.333333333,566.113333333,0,0,True,True,INCREMENTAL_MILP_GAP_REACHED,True,0,1.99608216957e-06,42,1,576,2880,4.84177443732e-09
2025-05-17,stochastic,True,1.13686837722e-13,4.54747350886e-13,0,0,0,4816.59429894,10800,706.903952116,593.327433333,0,0,True,True,INCREMENTAL_MILP_FEASIBLE_TIME_LIMIT,False,1,9.98190494477e-05,33,1,576,2880,1.84854798135e-10
2025-05-18,stochastic,True,1.13686837722e-13,4.54747350886e-13,0,0,0,1200,6459.45567536,772.847802381,764.215066667,0,0,True,True,INCREMENTAL_MILP_GAP_REACHED,True,0,0.000210082729633,23,1,576,2880,3.12880578775e-10
2025-05-19,stochastic,True,1.13686837722e-13,8.881784197e-13,0,0,0,1200,9039.39941569,833.333333333,798.8247,0,0,True,True,INCREMENTAL_MILP_FEASIBLE_TIME_LIMIT,False,1,0.000316184130447,33,1,432,2880,1.27329258248e-11
2025-05-20,stochastic,True,2.27373675443e-13,3.41060513165e-13,0,0,0,1200,5526.14048466,826.592559524,793.256795238,0,0,True,True,INCREMENTAL_MILP_GAP_REACHED,True,0,0.000509893434554,45,1,432,2880,2.80238054984e-10
2025-05-21,stochastic,True,1.13686837722e-13,4.26325641456e-13,0,0,0,1200,7244.70575913,827.999738095,808.46,0,0,True,True,INCREMENTAL_MILP_FEASIBLE_TIME_LIMIT,False,1,0.000496727337441,34,1,432,2880,1.36424205266e-10
2025-05-22,stochastic,True,1.13686837722e-13,4.54747350886e-13,0,0,0,1200,6860.48304531,814.162142857,771.968590067,0,0,True,True,INCREMENTAL_MILP_GAP_REACHED,True,0,0.00067532307092,31,1,576,2880,1.3869794202e-10
2025-05-23,stochastic,True,1.13686837722e-13,6.8212102633e-13,0,0,0,2048.57742823,10800,833.333333333,540.607385714,0,0,True,True,INCREMENTAL_MILP_GAP_REACHED,True,0,0.000635177538804,36,1,432,2880,5.35339950147e-09
2025-05-24,stochastic,True,5.68434188608e-14,5.68434188608e-13,0,0,0,4596.70696632,10800,418.796493827,530.47,0,0,True,True,INCREMENTAL_MILP_GAP_REACHED,True,0,0.000168532834937,24,1,576,2880,1.13186615636e-09
2025-05-25,stochastic,True,1.13686837722e-13,4.54747350886e-13,0,0,0,1200,7566.44440491,720.474739859,781.34357619,0,0,True,True,INCREMENTAL_MILP_GAP_REACHED,True,0,0.000219929288832,17,1,576,2880,8.73114913702e-11
2025-05-26,stochastic,True,1.50990331349e-13,4.05009359383e-13,0,0,0,1200,5775.43497306,809.870104762,805.112933333,0,0,True,True,INCREMENTAL_MILP_FEASIBLE_TIME_LIMIT,False,1,0.00117609571055,33,1,576,2880,3.2082425605e-10
2025-05-27,stochastic,True,1.24344978758e-13,4.54747350886e-13,0,0,0,1200,7720.3711378,833.333333333,782.725316667,0,0,True,True,INCREMENTAL_MILP_GAP_REACHED,True,0,0.00018870211915,34,1,432,2880,5.81394488108e-10
2025-05-28,stochastic,True,2.27373675443e-13,3.97903932026e-13,0,0,0,1200,7367.00383186,825.280714286,795.187066667,0,0,True,True,INCREMENTAL_MILP_GAP_REACHED,True,0,0.000461881491756,34,1,432,2880,3.49814399669e-10
2025-05-29,stochastic,True,2.27373675443e-13,4.54747350886e-13,0,0,0,1200,6295.24817757,830.435404762,802.4373,0,0,True,True,INCREMENTAL_MILP_GAP_REACHED,True,0,0.000787679323048,25,1,432,2880,1.69052327692e-10
2025-05-30,stochastic,True,1.13686837722e-13,6.8212102633e-13,0,0,0,1880.15578769,10800,833.333333333,528.04335,0,0,True,True,INCREMENTAL_MILP_GAP_REACHED,True,0,0.000256214928515,20,1,576,2880,1.81785253517e-10
2025-05-31,stochastic,True,1.13686837722e-13,6.8212102633e-13,0,0,0,4386.0454554,10800,462.252202381,548.043333333,0,0,True,True,INCREMENTAL_MILP_GAP_REACHED,True,0,0.000361017010652,23,1,576,2880,2.9409338147e-10
2025-06-01,stochastic,True,3.90798504668e-14,3.41060513165e-13,0,0,0,1200,5836.8554904,796.261142857,833.333333333,0,0,True,True,INCREMENTAL_MILP_GAP_REACHED,True,0,0.000587465115573,26,2,576,2880,2.73985278909e-11
2025-06-02,stochastic,True,1.13686837722e-13,3.63264973657e-13,0,0,0,1200,5768.6422178,826.868883333,829.449966667,0,0,True,True,INCREMENTAL_MILP_FEASIBLE_TIME_LIMIT,False,1,0.000499944426888,49,1,576,2880,9.91349224932e-11
2025-06-03,stochastic,True,2.27373675443e-13,4.26325641456e-13,0,0,0,1200,5928.01613163,833.333333333,833.333333333,0,0,True,True,INCREMENTAL_MILP_FEASIBLE_TIME_LIMIT,False,1,0.00192540444489,72,1,576,2880,9.54969436862e-12
2025-06-04,stochastic,True,2.27373675443e-13,2.27373675443e-13,0,0,0,1200,6111.31947397,798.932809524,833.333333333,0,0,True,True,INCREMENTAL_MILP_GAP_REACHED,True,0,0.000865027678827,47,1,576,2880,2.18960849452e-10
2025-06-05,stochastic,True,2.27373675443e-13,4.54747350886e-13,0,0,0,1200,6173.92112161,829.246845238,833.333333333,0,0,True,True,INCREMENTAL_MILP_FEASIBLE_TIME_LIMIT,False,1,0.00089008294575,82,1,576,2880,2.18278728426e-11
2025-06-06,stochastic,True,1.13686837722e-13,4.54747350886e-13,0,0,0,2097.6352487,10800,833.333333333,526.955064286,0,0,True,True,INCREMENTAL_MILP_GAP_REACHED,True,0,0.000420871997771,82,1,576,2880,1.17893250717e-09
2025-06-07,stochastic,True,1.13686837722e-13,6.8212102633e-13,0,0,0,4503.25483235,10726.3259651,833.333333333,546.729947619,0,0,True,True,INCREMENTAL_MILP_GAP_REACHED,True,0,0.000317370915258,70,1,576,2880,5.32054400537e-11
2025-06-08,stochastic,True,2.27373675443e-13,8.38440428197e-13,0,0,0,1200,8397.2855091,833.333333333,819.940238095,0,0,True,True,INCREMENTAL_MILP_FEASIBLE_TIME_LIMIT,False,1,0.000150093344675,61,1,576,2880,2.90538082481e-08
2025-06-09,stochastic,True,2.27373675443e-13,4.33431068814e-13,0,0,0,1200,6736.63978609,833.333333333,722.478459524,0,0,True,True,INCREMENTAL_MILP_GAP_REACHED,True,0,0.000263507640246,59,1,720,2880,2.7212081477e-09
2025-06-10,stochastic,True,1.13686837722e-13,2.84217094304e-13,0,0,0,1200,6939.88311375,833.333333333,780.354314286,0,0,True,True,INCREMENTAL_MILP_GAP_REACHED,True,0,0.000309848143322,71,1,576,2880,1.84854798135e-10
2025-06-11,stochastic,True,2.27373675443e-13,4.54747350886e-13,0,0,0,1200,7383.24155066,833.333333333,728.143695238,0,0,True,True,INCREMENTAL_MILP_GAP_REACHED,True,0,0.000435169519797,82,1,576,2880,2.06523657688e-11
2025-06-12,stochastic,True,2.27373675443e-13,4.33431068814e-13,0,0,0,1200,6219.97026671,833.333333333,721.552990476,0,0,True,True,INCREMENTAL_MILP_GAP_REACHED,True,0,0.000477516743169,81,1,576,2880,1.16642695502e-10
2025-06-13,stochastic,True,1.42108547152e-13,6.25277607469e-13,0,0,0,3144.49171489,10800,833.333333333,523.243211905,0,0,True,True,INCREMENTAL_MILP_GAP_REACHED,True,0,0.000315754736068,77,1,576,2880,1.56924215844e-08
2025-06-14,stochastic,True,1.13686837722e-13,5.68434188608e-13,0,0,0,4740.99515992,10800,833.333333333,548.154759524,0,0,True,True,INCREMENTAL_MILP_GAP_REACHED,True,0,0.000768717495202,66,1,576,2880,3.45607986674e-11
2025-06-15,stochastic,True,2.27373675443e-13,4.54747350886e-13,0,0,0,1200,7776.38556627,833.333333333,762.955952381,0,0,True,True,INCREMENTAL_MILP_GAP_REACHED,True,0,0.000594685473624,66,1,576,2880,6.213326742e-09
2025-06-16,stochastic,True,1.13686837722e-13,4.54747350886e-13,0,0,0,1200,6642.19742539,833.333333333,782.712411905,0,0,True,True,INCREMENTAL_MILP_GAP_REACHED,True,0,0.000659209720936,86,1,576,2880,4.97936980537e-09
2025-06-17,stochastic,True,2.27373675443e-13,4.54747350886e-13,0,0,0,1200,6917.40969411,833.333333333,766.964761905,0,0,True,True,INCREMENTAL_MILP_FEASIBLE_TIME_LIMIT,False,1,0.000145998119294,68,1,576,2880,1.09821485239e-10
2025-06-18,stochastic,True,2.27373675443e-13,4.54747350886e-13,0,0,0,1200,7811.49881147,833.333333333,728.303519048,0,0,True,True,INCREMENTAL_MILP_GAP_REACHED,True,0,0.000466376158896,54,1,576,2880,4.47926140623e-11
2025-06-19,stochastic,True,2.27373675443e-13,7.46069872548e-13,0,0,0,1200,8253.83382061,833.333333333,772.715238095,0,0,True,True,INCREMENTAL_MILP_GAP_REACHED,True,0,0.000428733974446,76,1,576,2880,1.61094249052e-09
2025-06-20,stochastic,True,1.13686837722e-13,4.54747350886e-13,0,0,0,3182.7263121,10800,833.333333333,539.560952381,0,0,True,True,INCREMENTAL_MILP_GAP_REACHED,True,0,0.00073323492288,72,1,576,2880,8.45716385811e-10
2025-06-21,stochastic,True,1.13686837722e-13,7.95807864051e-13,0,0,0,4417.53066622,10800,833.333333333,543.785804762,0,0,True,True,INCREMENTAL_MILP_GAP_REACHED,True,0,0.00038380367159,66,1,576,2880,1.41426426126e-10
2025-06-22,stochastic,True,1.13686837722e-13,4.54747350886e-13,0,0,0,1200,7994.30647362,833.333333333,828.409016667,0,0,True,True,INCREMENTAL_MILP_GAP_REACHED,True,0,0.000193885813559,54,1,720,2880,1.58820512297e-10
2025-06-23,stochastic,True,1.13686837722e-13,4.09228206877e-13,0,0,0,1200,6513.79265739,833.333333333,733.14695,0,0,True,True,INCREMENTAL_MILP_FEASIBLE_TIME_LIMIT,False,1,0.000259767395555,81,1,576,2880,4.44056075091e-08
2025-06-24,stochastic,True,2.27373675443e-13,4.54747350886e-13,0,0,0,1200,6370.56486997,833.333333333,792.340952381,0,0,True,True,INCREMENTAL_MILP_FEASIBLE_TIME_LIMIT,False,1,0.000394604749207,79,1,576,2880,6.67281255187e-10
2025-06-25,stochastic,True,1.13686837722e-13,4.54747350886e-13,0,0,0,1200,7194.52768713,833.333333333,785.722211905,0,0,True,True,INCREMENTAL_MILP_GAP_REACHED,True,0,0.000656858090267,76,1,576,2880,3.40378392139e-10
2025-06-26,stochastic,True,1.13686837722e-13,8.84625706021e-13,0,0,0,1200,8496.44695887,833.333333333,830.524502381,0,0,True,True,INCREMENTAL_MILP_GAP_REACHED,True,0,0.000433439330867,79,1,576,2880,1.35242475436e-10
2025-06-27,stochastic,True,1.13686837722e-13,4.54747350886e-13,0,0,0,2638.98427804,10800,833.333333333,497.201333333,0,0,True,True,INCREMENTAL_MILP_GAP_REACHED,True,0,0.000216842175633,82,1,576,2880,9.73159330897e-11
2025-06-28,stochastic,True,1.13686837722e-13,5.68434188608e-13,0,0,0,4972.56609884,10640.4451306,833.333333333,487.736285714,0,0,True,True,INCREMENTAL_MILP_GAP_REACHED,True,0,0.000512389077096,41,2,720,2880,1.66551217262e-10
2025-06-29,stochastic,True,2.27373675443e-13,4.54747350886e-13,0,0,0,1200,7605.19520597,833.333333333,761.200590476,0,0,True,True,INCREMENTAL_MILP_GAP_REACHED,True,0,0.000314654978619,63,1,576,2880,3.15029811856e-09
2025-06-30,stochastic,True,1.13686837722e-13,4.54747350886e-13,0,0,0,1200,7415.01847394,833.333333333,814.822619048,0,0,True,True,INCREMENTAL_MILP_GAP_REACHED,True,0,0.000281556605056,79,1,576,2880,3.28554961015e-11
2025-07-01,stochastic,True,2.27373675443e-13,3.41060513165e-13,0,0,0,1200,6604.25709658,833.333333333,833.333333333,0,0,True,True,INCREMENTAL_MILP_FEASIBLE_TIME_LIMIT,False,1,0.00163817199715,76,1,576,2880,9.09494701773e-11
2025-07-02,stochastic,True,2.27373675443e-13,4.54747350886e-13,0,0,0,1200,8074.4249054,833.333333333,833.333333333,0,0,True,True,INCREMENTAL_MILP_FEASIBLE_TIME_LIMIT,False,1,0.000475240432482,73,1,432,2880,2.72848410532e-11
2025-07-03,stochastic,True,2.27373675443e-13,4.54747350886e-13,0,0,0,1200,5920.57535706,807.181788095,767.141080952,0,0,True,True,INCREMENTAL_MILP_FEASIBLE_TIME_LIMIT,False,1,0.000674599759721,30,1,576,2880,6.30961949355e-11
2025-07-04,stochastic,True,1.13686837722e-13,9.09494701773e-13,0,0,0,1706.72252167,10800,833.333333333,577.516157143,0,0,True,True,INCREMENTAL_MILP_FEASIBLE_TIME_LIMIT,False,1,0.000473413794398,50,1,432,2880,4.01801130252e-10
2025-07-05,stochastic,True,1.42108547152e-13,6.25277607469e-13,0,0,0,4746.17318601,10394.2316743,571.02202619,505.511219048,0,0,True,True,INCREMENTAL_MILP_GAP_REACHED,True,0,0.000255941814329,45,1,576,2880,6.94399204804e-10
2025-07-06,stochastic,True,2.27373675443e-13,4.54747350886e-13,0,0,0,1200,6492.11285255,833.333333333,792.677145238,0,0,True,True,INCREMENTAL_MILP_GAP_REACHED,True,0,0.000668878933516,50,1,576,2880,1.25055521494e-11
2025-07-07,stochastic,True,2.27373675443e-13,4.54747350886e-13,0,0,0,1200,8174.41330747,833.333333333,783.346821429,0,0,True,True,INCREMENTAL_MILP_GAP_REACHED,True,0,0.000530672894034,50,1,576,2880,1.42052851025e-10
2025-07-08,stochastic,True,2.27373675443e-13,4.54747350886e-13,0,0,0,1200,7286.36441978,833.333333333,753.73047619,0,0,True,True,INCREMENTAL_MILP_GAP_REACHED,True,0,0.000540620884862,69,1,576,2880,7.12109116014e-10
2025-07-09,stochastic,True,2.27373675443e-13,4.26325641456e-13,0,0,0,1200,6342.26759508,833.333333333,797.527619048,0,0,True,True,INCREMENTAL_MILP_GAP_REACHED,True,0,0.000276861843102,56,1,720,2880,1.54386725626e-10
2025-07-10,stochastic,True,2.27373675443e-13,4.54747350886e-13,0,0,0,1200,7549.19424714,833.333333333,833.333333333,0,0,True,True,INCREMENTAL_MILP_GAP_REACHED,True,0,0.000558985503778,51,1,576,2880,1.33559296955e-09
2025-07-11,stochastic,True,1.13686837722e-13,7.95807864051e-13,0,0,0,1680.13107814,10800,833.333333333,547.571190476,0,0,True,True,INCREMENTAL_MILP_GAP_REACHED,True,0,8.38322993629e-05,39,1,576,2880,3.54702933691e-11
2025-07-12,stochastic,True,1.42108547152e-13,5.68434188608e-13,0,0,0,5115.15339235,10800,833.333333333,489.188561905,0,0,True,True,INCREMENTAL_MILP_GAP_REACHED,True,0,0.00059503330369,29,1,576,2880,8.26616997074e-10
2025-07-13,stochastic,True,2.0605739337e-13,4.54747350886e-13,0,0,0,1200,8527.43655778,833.333333333,756.746904762,0,0,True,True,INCREMENTAL_MILP_FEASIBLE_TIME_LIMIT,False,1,0.000878621588543,39,1,576,2880,4.30873114965e-10
2025-07-14,stochastic,True,1.13686837722e-13,4.54747350886e-13,0,0,0,1200,7738.8754156,833.333333333,813.492602381,0,0,True,True,INCREMENTAL_MILP_GAP_REACHED,True,0,0.000176262845613,39,1,576,2880,5.98993210588e-09
2025-07-15,stochastic,True,1.13686837722e-13,4.54747350886e-13,0,0,0,1200,6494.9792967,833.333333333,729.247785714,0,0,True,True,INCREMENTAL_MILP_GAP_REACHED,True,0,0.000957049560546,40,1,720,2880,1.22781784739e-11
2025-07-16,stochastic,True,2.27373675443e-13,4.54747350886e-13,0,0,0,1200,7008.85896829,833.333333333,778.080833333,0,0,True,True,INCREMENTAL_MILP_GAP_REACHED,True,0,0.00098782976831,60,1,720,2880,5.84259396419e-09
2025-07-17,stochastic,True,1.13686837722e-13,4.54747350886e-13,0,0,0,1200,7143.25707884,833.333333333,732.37987381,0,0,True,True,INCREMENTAL_MILP_FEASIBLE_TIME_LIMIT,False,1,0.000414053079831,59,1,720,2880,7.9820029684e-11
2025-07-18,stochastic,True,1.42108547152e-13,6.25277607469e-13,0,0,0,2708.50593517,10800,833.333333333,503.998333333,0,0,True,True,INCREMENTAL_MILP_FEASIBLE_TIME_LIMIT,False,1,0.0021457471691,51,1,576,2880,1.45596988127e-10
2025-07-19,stochastic,True,1.42108547152e-13,5.68434188608e-13,0,0,0,5560.45214286,10328.8688025,833.333333333,527.736683333,0,0,True,True,INCREMENTAL_MILP_FEASIBLE_TIME_LIMIT,False,1,0.00104877602694,41,1,576,2880,7.95807864051e-12
2025-07-20,stochastic,True,2.27373675443e-13,4.54747350886e-13,0,0,0,1200,7421.0327935,833.333333333,773.790571429,0,0,True,True,INCREMENTAL_MILP_FEASIBLE_TIME_LIMIT,False,1,0.000925279039445,47,1,576,2880,1.64845914696e-11
2025-07-21,stochastic,True,2.27373675443e-13,4.54747350886e-13,0,0,0,1200,6159.52585666,833.333333333,716.1006,0,0,True,True,INCREMENTAL_MILP_GAP_REACHED,True,0,0.000636373787347,50,1,576,2880,1.12021830582e-10
2025-07-22,stochastic,True,2.27373675443e-13,4.54747350886e-13,0,0,0,1200,6817.58636251,833.333333333,756.738809524,0,0,True,True,INCREMENTAL_MILP_GAP_REACHED,True,0,0.000708244834396,57,1,576,2880,1.40482825373e-09
2025-07-23,stochastic,True,2.27373675443e-13,3.97903932026e-13,0,0,0,1200,6604.94588732,833.333333333,807.692785714,0,0,True,True,INCREMENTAL_MILP_GAP_REACHED,True,0,0.000881323549433,45,1,576,2880,3.59667637895e-08
2025-07-24,stochastic,True,1.13686837722e-13,4.54747350886e-13,0,0,0,1200,6867.90927389,827.552645238,767.91182619,0,0,True,True,INCREMENTAL_MILP_FEASIBLE_TIME_LIMIT,False,1,0.000734806441359,58,1,432,2880,4.64638105768e-10
2025-07-25,stochastic,True,1.13686837722e-13,7.67386154621e-13,0,0,0,2504.41029675,10359.1161174,833.333333333,499.495316667,0,0,True,True,INCREMENTAL_MILP_GAP_REACHED,True,0,0.000493660409405,65,1,576,2880,2.89066809462e-09
2025-07-26,stochastic,True,1.27897692437e-13,4.54747350886e-13,0,0,0,4903.18543013,10800,833.333333333,559.772380952,0,0,True,True,INCREMENTAL_MILP_GAP_REACHED,True,0,0.000237672932227,24,1,576,2880,1.06126663013e-09
2025-07-27,stochastic,True,1.13686837722e-13,4.54747350886e-13,0,0,0,1200,6756.20780471,833.333333333,729.543333333,0,0,True,True,INCREMENTAL_MILP_GAP_REACHED,True,0,0.000324766241886,47,1,576,2880,6.34372554487e-11
2025-07-28,stochastic,True,2.27373675443e-13,4.54747350886e-13,0,0,0,1200,6148.25941653,833.333333333,715.433578571,0,0,True,True,INCREMENTAL_MILP_GAP_REACHED,True,0,0.000651006402121,50,1,576,2880,1.83263182407e-10
2025-07-29,stochastic,True,1.13686837722e-13,4.54747350886e-13,0,0,0,1200,6814.52606869,833.333333333,816.427345238,0,0,True,True,INCREMENTAL_MILP_GAP_REACHED,True,0,0.000623431658313,44,1,720,2880,6.99992605237e-10
2025-07-30,stochastic,True,1.13686837722e-13,4.54747350886e-13,0,0,0,1200,7420.62091752,833.333333333,772.177233333,0,0,True,True,INCREMENTAL_MILP_FEASIBLE_TIME_LIMIT,False,1,0.000550094088651,44,1,720,2880,2.22826201934e-11
2025-07-31,stochastic,True,2.27373675443e-13,4.33431068814e-13,0,0,0,1200,6955.44011595,833.333333333,804.466178571,0,0,True,True,INCREMENTAL_MILP_GAP_REACHED,True,0,0.00082846769811,56,1,576,2880,5.79109442716e-10
2025-08-01,stochastic,True,1.42108547152e-13,4.26325641456e-13,0,0,0,1631.6483254,10800,833.333333333,535.84547619,0,0,True,True,INCREMENTAL_MILP_GAP_REACHED,True,0,0.000339161578543,49,1,720,2880,7.04858393874e-11
2025-08-02,stochastic,True,5.68434188608e-14,4.54747350886e-13,0,0,0,4870.28466699,10800,833.333333333,551.899761905,0,0,True,True,INCREMENTAL_MILP_GAP_REACHED,True,0,0.000596478045653,36,1,720,2880,1.21190169011e-10
2025-08-03,stochastic,True,1.13686837722e-13,8.10018718767e-13,0,0,0,1200,9752.44674231,833.333333333,827.561766667,0,0,True,True,INCREMENTAL_MILP_FEASIBLE_TIME_LIMIT,False,1,0.000328609255646,39,1,576,2880,8.54015524965e-10
2025-08-04,stochastic,True,2.27373675443e-13,4.54747350886e-13,0,0,0,1200,8250.37203846,833.333333333,773.835435714,0,0,True,True,INCREMENTAL_MILP_GAP_REACHED,True,0,0.000121181787494,38,1,720,2880,3.41970007867e-10
2025-08-05,stochastic,True,2.27373675443e-13,8.41104963456e-13,0,0,0,1200,8934.62675442,833.333333333,823.15492619,0,0,True,True,INCREMENTAL_MILP_GAP_REACHED,True,0,0.000272112381607,25,2,720,2880,1.33627509058e-09
2025-08-06,stochastic,True,1.13686837722e-13,4.54747350886e-13,0,0,0,1200,5819.24210976,833.333333333,773.579459524,0,0,True,True,INCREMENTAL_MILP_GAP_REACHED,True,0,8.87888207371e-05,22,1,576,2880,5.75596459385e-10
2025-08-07,stochastic,True,2.27373675443e-13,6.32383034826e-13,0,0,0,1200,8359.03473288,833.333333333,814.871666667,0,0,True,True,INCREMENTAL_MILP_GAP_REACHED,True,0,0.000230224133299,27,2,720,2880,1.91898834601e-08
2025-08-08,stochastic,True,1.13686837722e-13,7.95807864051e-13,0,0,0,1413.25049923,10800,833.333333333,554.913095238,0,0,True,True,INCREMENTAL_MILP_GAP_REACHED,True,0,7.53413698589e-05,16,2,576,2880,2.81261236523e-10
2025-08-09,stochastic,True,1.13686837722e-13,5.68434188608e-13,0,0,0,4506.77932804,10800,553.130836707,574.291004762,0,0,True,True,INCREMENTAL_MILP_GAP_REACHED,True,0,6.35883885777e-05,16,1,720,2880,1.72803993337e-11
2025-08-10,stochastic,True,2.27373675443e-13,4.54747350886e-13,0,0,0,1200,6555.41493896,823.599192857,815.903969048,0,0,True,True,INCREMENTAL_MILP_GAP_REACHED,True,0,4.18692610265e-05,12,2,720,2880,3.36740413331e-10
2025-08-11,stochastic,True,2.27373675443e-13,4.12114786741e-13,0,0,0,1200,7066.79291722,833.333333333,833.333333333,0,0,True,True,INCREMENTAL_MILP_GAP_REACHED,True,0,1.73806056311e-05,13,1,720,2880,1.30057742354e-10
2025-08-12,stochastic,True,2.27373675443e-13,4.54747350886e-13,0,0,0,1200,6030.55821831,833.333333333,833.333333333,0,0,True,True,INCREMENTAL_MILP_GAP_REACHED,True,0,0.000809157581713,27,1,576,2880,8.30368662719e-10
2025-08-13,stochastic,True,1.13686837722e-13,4.54747350886e-13,0,0,0,1200,6449.24202267,833.333333333,790.293847619,0,0,True,True,INCREMENTAL_MILP_GAP_REACHED,True,0,6.66113782683e-06,19,1,576,2880,2.4999735615e-09
2025-08-14,stochastic,True,2.27373675443e-13,4.40536496171e-13,0,0,0,1200,7051.06587139,833.333333333,820.54405,0,0,True,True,INCREMENTAL_MILP_GAP_REACHED,True,0,0.000226970906099,27,1,576,2880,1.58479451784e-10
2025-08-15,stochastic,True,1.13686837722e-13,5.68434188608e-13,0,0,0,1528.38386159,10800,833.333333333,553.322559524,0,0,True,True,INCREMENTAL_MILP_GAP_REACHED,True,0,2.77754489868e-05,24,1,576,2880,2.54658516496e-11
2025-08-16,stochastic,True,1.13686837722e-13,7.95807864051e-13,0,0,0,4476.43552116,10800,544.969300452,584.18952381,0,0,True,True,INCREMENTAL_MILP_GAP_REACHED,True,0,6.95440011687e-05,20,2,720,2880,1.67801772477e-10
2025-08-17,stochastic,True,2.27373675443e-13,4.54747350886e-13,0,0,0,1200,7684.18297071,833.333333333,833.333333333,0,0,True,True,INCREMENTAL_MILP_GAP_REACHED,True,0,2.06474680997e-05,16,2,576,2880,2.70802047453e-10
2025-08-18,stochastic,True,1.13686837722e-13,4.54747350886e-13,0,0,0,1200,6640.57153536,833.333333333,833.333333333,0,0,True,True,INCREMENTAL_MILP_GAP_REACHED,True,0,9.80939759783e-05,21,1,432,2880,1.76805770025e-09
2025-08-19,stochastic,True,3.05533376377e-13,4.54747350886e-13,0,0,0,1200,6796.5260345,833.333333333,833.333333333,0,0,True,True,INCREMENTAL_MILP_GAP_REACHED,True,0,1.58820392663e-05,21,1,576,2880,4.40422809334e-10
2025-08-20,stochastic,True,2.27373675443e-13,4.12114786741e-13,0,0,0,1200,5845.83375586,796.690745238,833.333333333,0,0,True,True,INCREMENTAL_MILP_GAP_REACHED,True,0,0.000246676352383,16,1,720,2880,2.76024820778e-08
2025-08-21,stochastic,True,2.27373675443e-13,4.54747350886e-13,0,0,0,1200,5802.00847763,833.333333333,773.174452381,0,0,True,True,INCREMENTAL_MILP_GAP_REACHED,True,0,0.000141731471177,30,1,720,2880,2.72166289506e-10
2025-08-22,stochastic,True,1.13686837722e-13,3.6382008517e-13,0,0,0,1497.39256707,10800,833.333333333,601.918095238,0,0,True,True,INCREMENTAL_MILP_GAP_REACHED,True,0,4.35248536873e-05,25,1,576,2880,1.18689058581e-10
2025-08-23,stochastic,True,1.13686837722e-13,7.95807864051e-13,0,0,0,4456.50581746,10800,634.880845019,560.345714286,0,0,True,True,INCREMENTAL_MILP_GAP_REACHED,True,0,0.000115119091394,18,1,576,2880,1.65528035723e-10
2025-08-24,stochastic,True,2.27373675443e-13,4.54747350886e-13,0,0,0,1200,6899.61408543,833.333333333,757.689483333,0,0,True,True,INCREMENTAL_MILP_GAP_REACHED,True,0,0.000146640065056,20,1,576,2880,1.26976829051e-09
2025-08-25,stochastic,True,2.27373675443e-13,4.54747350886e-13,0,0,0,1200,6261.20582489,833.333333333,781.346419048,0,0,True,True,INCREMENTAL_MILP_GAP_REACHED,True,0,0.000100179717475,26,1,576,2880,8.36735125631e-10
2025-08-26,stochastic,True,2.27373675443e-13,4.31654711974e-13,0,0,0,1200,7069.36472583,833.333333333,796.932590476,0,0,True,True,INCREMENTAL_MILP_GAP_REACHED,True,0,5.44339604485e-05,33,1,576,2880,9.98170435196e-11
2025-08-27,stochastic,True,2.27373675443e-13,4.08562073062e-13,0,0,0,1200,6817.69471331,833.333333333,793.349297619,0,0,True,True,INCREMENTAL_MILP_GAP_REACHED,True,0,1.0681117158e-05,37,1,576,2880,1.5672412701e-08
2025-08-28,stochastic,True,2.27373675443e-13,3.41060513165e-13,0,0,0,1200,6927.05823167,833.333333333,819.113742857,0,0,True,True,INCREMENTAL_MILP_GAP_REACHED,True,0,0.00037731335569,34,2,720,2880,1.97246663447e-09
2025-08-29,stochastic,True,1.42108547152e-13,4.54747350886e-13,0,0,0,1469.98709409,10800,833.333333333,585.700316667,0,0,True,True,INCREMENTAL_MILP_GAP_REACHED,True,0,4.90753429917e-07,35,1,576,2880,1.54614099301e-11
2025-08-30,stochastic,True,1.42108547152e-13,6.8212102633e-13,0,0,0,4861.33823251,10800,833.333333333,556.60997381,0,0,True,True,INCREMENTAL_MILP_GAP_REACHED,True,0,2.15149697238e-05,32,1,720,2880,6.8212102633e-12
2025-08-31,stochastic,True,1.13686837722e-13,4.33431068814e-13,0,0,0,1200,7207.0688789,833.333333333,811.606657143,0,0,True,True,INCREMENTAL_MILP_GAP_REACHED,True,0,0,26,1,720,2880,4.11887413065e-10
2025-09-01,stochastic,True,1.13686837722e-13,8.38440428197e-13,0,0,0,1200,10800,833.333333333,720.86952381,0,0,True,True,INCREMENTAL_MILP_GAP_REACHED,True,0,3.41954723526e-05,35,2,720,2880,1.07320374809e-10
2025-09-02,stochastic,True,1.13686837722e-13,8.66862137627e-13,0,0,0,1200,10425.5741025,833.333333333,757.204583333,0,0,True,True,INCREMENTAL_MILP_GAP_REACHED,True,0,0.000411420920967,30,1,576,2880,7.27595761418e-12
2025-09-03,stochastic,True,1.13686837722e-13,4.54747350886e-13,0,0,0,1200,7690.27583957,833.333333333,744.197083333,0,0,True,True,INCREMENTAL_MILP_GAP_REACHED,True,0,2.8333167578e-05,30,1,576,2880,9.32232069317e-12
2025-09-04,stochastic,True,2.27373675443e-13,4.54747350886e-13,0,0,0,1200,7757.12391817,833.333333333,736.58625,0,0,True,True,INCREMENTAL_MILP_GAP_REACHED,True,0,2.02488892409e-05,37,2,720,2880,5.39353095519e-09
2025-09-05,stochastic,True,1.13686837722e-13,3.41060513165e-13,0,0,0,2772.40329553,10800,833.333333333,517.446988095,0,0,True,True,INCREMENTAL_MILP_GAP_REACHED,True,0,5.93630685614e-05,32,2,720,2880,2.53294274444e-10
2025-09-06,stochastic,True,1.13686837722e-13,7.95807864051e-13,0,0,0,4178.99917989,10800,833.333333333,523.134959524,0,0,True,True,INCREMENTAL_MILP_GAP_REACHED,True,0,0.000754999183706,28,1,576,2880,2.92175172945e-11
2025-09-07,stochastic,True,1.13686837722e-13,4.54747350886e-13,0,0,0,1200,6835.55128254,830.388507143,784.779245238,0,0,True,True,INCREMENTAL_MILP_GAP_REACHED,True,0,0.000262664461155,18,1,576,2880,2.29954594033e-07
2025-09-08,stochastic,True,1.13686837722e-13,4.33431068814e-13,0,0,0,1200,6360.84325666,833.333333333,778.845802381,0,0,True,True,INCREMENTAL_MILP_GAP_REACHED,True,0,2.27940761719e-05,24,1,576,2880,7.04254606429e-08
2025-09-09,stochastic,True,2.27373675443e-13,4.54747350886e-13,0,0,0,1200,6576.48317416,833.333333333,816.389538095,0,0,True,True,INCREMENTAL_MILP_GAP_REACHED,True,0,0.000127281623181,40,2,720,2880,4.42110348331e-10
2025-09-10,stochastic,True,1.13686837722e-13,3.5527136788e-13,0,0,0,1200,6183.08814244,833.333333333,808.297083333,0,0,True,True,INCREMENTAL_MILP_GAP_REACHED,True,0,0.000363673246605,25,1,720,2880,1.24373400467e-10
2025-09-11,stochastic,True,2.27373675443e-13,4.54747350886e-13,0,0,0,1200,7873.19401914,833.333333333,783.475616667,0,0,True,True,INCREMENTAL_MILP_GAP_REACHED,True,0,0.00039150465509,28,1,576,2880,6.26278051641e-09
2025-09-12,stochastic,True,1.13686837722e-13,6.8212102633e-13,0,0,0,1511.39678009,10800,833.333333333,583.222316667,0,0,True,True,INCREMENTAL_MILP_GAP_REACHED,True,0,0.000301500694482,26,1,432,2880,3.04680725094e-10
2025-09-13,stochastic,True,1.13686837722e-13,5.68434188608e-13,0,0,0,4356.21746344,10800,828.151016667,532.725828571,0,0,True,True,INCREMENTAL_MILP_GAP_REACHED,True,0,0.000197119027605,26,1,576,2880,5.01552221976e-09
2025-09-14,stochastic,True,2.27373675443e-13,4.54747350886e-13,0,0,0,1200,6972.39293616,831.901271429,817.9024,0,0,True,True,INCREMENTAL_MILP_GAP_REACHED,True,0,0.000275643808206,27,2,720,2880,3.66071617464e-11
2025-09-15,stochastic,True,2.27373675443e-13,4.54747350886e-13,0,0,0,1200,7197.46614254,833.333333333,826.723333333,0,0,True,True,INCREMENTAL_MILP_GAP_REACHED,True,0,0.000492500485345,33,1,720,2880,1.81898940355e-11
2025-09-16,stochastic,True,2.27373675443e-13,4.10338429901e-13,0,0,0,1200,6569.96807728,829.403347619,813.1518,0,0,True,True,INCREMENTAL_MILP_GAP_REACHED,True,0,0.000250389773121,38,1,576,2880,4.22915036324e-10
2025-09-17,stochastic,True,2.27373675443e-13,4.54747350886e-13,0,0,0,1200,6743.77612043,833.333333333,833.333333333,0,0,True,True,INCREMENTAL_MILP_GAP_REACHED,True,0,0.000344831897369,43,1,720,2880,1.21303855849e-10
2025-09-18,stochastic,True,1.13686837722e-13,4.54747350886e-13,0,0,0,1200,6432.21386405,833.333333333,833.183133333,0,0,True,True,INCREMENTAL_MILP_GAP_REACHED,True,0,0.000514374539853,47,1,576,2880,5.45696821064e-12
2025-09-19,stochastic,True,1.42108547152e-13,5.68434188608e-13,0,0,0,1477.10753426,10800,833.333333333,538.350157143,0,0,True,True,INCREMENTAL_MILP_GAP_REACHED,True,0,0.000357953906873,36,1,720,2880,1.40289557748e-10
2025-09-20,stochastic,True,1.13686837722e-13,4.54747350886e-13,0,0,0,4190.8597681,10800,798.552600537,572.088333333,0,0,True,True,INCREMENTAL_MILP_GAP_REACHED,True,0,0.00023101402892,23,1,576,2880,7.25322024664e-10
2025-09-21,stochastic,True,1.13686837722e-13,4.05009359383e-13,0,0,0,1200,7637.1349424,833.333333333,801.631666667,0,0,True,True,INCREMENTAL_MILP_GAP_REACHED,True,0,0.00023986008623,30,2,720,2880,2.26236807066e-10
2025-09-22,stochastic,True,2.27373675443e-13,4.05009359383e-13,0,0,0,1200,6429.02834466,818.207471429,832.338883333,0,0,True,True,INCREMENTAL_MILP_GAP_REACHED,True,0,0.000459723698323,52,1,720,2880,1.30967237055e-10
2025-09-23,stochastic,True,2.27373675443e-13,4.20996570938e-13,0,0,0,1200,6434.33380579,833.333333333,823.508002381,0,0,True,True,INCREMENTAL_MILP_GAP_REACHED,True,0,0.000188313254243,38,1,576,2880,1.71871761268e-09
2025-09-24,stochastic,True,2.27373675443e-13,4.26325641456e-13,0,0,0,1200,7345.41631505,833.333333333,807.593133333,0,0,True,True,INCREMENTAL_MILP_GAP_REACHED,True,0,0.000254328249814,36,1,576,2880,7.70228325564e-11
2025-09-25,stochastic,True,2.27373675443e-13,4.26325641456e-13,0,0,0,1200,6871.24353822,833.333333333,791.963495238,0,0,True,True,INCREMENTAL_MILP_GAP_REACHED,True,0,0.000147618315796,43,1,576,2880,1.16460796562e-09
2025-09-26,stochastic,True,1.13686837722e-13,7.95807864051e-13,0,0,0,1325.7808705,10800,833.333333333,536.459047619,0,0,True,True,INCREMENTAL_MILP_GAP_REACHED,True,0,0.000150628710379,34,1,720,2880,7.74889485911e-10
2025-09-27,stochastic,True,1.13686837722e-13,9.09494701773e-13,0,0,0,4220.2252489,10800,833.333333333,548.63,0,0,True,True,INCREMENTAL_MILP_GAP_REACHED,True,0,3.17795132852e-05,41,1,720,2880,5.57186695005e-07
2025-09-28,stochastic,True,1.13686837722e-13,4.54747350886e-13,0,0,0,1200,6759.58769003,833.333333333,833.333333333,0,0,True,True,INCREMENTAL_MILP_GAP_REACHED,True,0,6.01490248572e-05,32,1,720,2880,2.3990196496e-09
2025-09-29,stochastic,True,2.27373675443e-13,4.54747350886e-13,0,0,0,1200,7023.90995762,833.333333333,833.333333333,0,0,True,True,INCREMENTAL_MILP_GAP_REACHED,True,0,0.000112822020519,39,1,576,2880,2.14470219362e-09
2025-09-30,stochastic,True,2.27373675443e-13,4.54747350886e-13,0,0,0,1200,6147.0996064,833.333333333,833.333333333,0,0,True,True,INCREMENTAL_MILP_GAP_REACHED,True,0,2.24884261365e-05,31,1,576,2880,4.17458068114e-10
2025-10-01,stochastic,True,1.13686837722e-13,7.49622586227e-13,0,0,0,1200,9336.37469,833.333333333,815.645,0,0,True,True,INCREMENTAL_MILP_GAP_REACHED,True,0,0.000211698748196,41,1,720,2880,1.86446413863e-11
2025-10-02,stochastic,True,1.13686837722e-13,7.74491581979e-13,0,0,0,1200,9869.01676071,833.333333333,812.776190476,0,0,True,True,INCREMENTAL_MILP_GAP_REACHED,True,0,0.000288176923156,35,1,720,2880,2.17232809518e-09
2025-10-03,stochastic,True,5.68434188608e-14,7.38964445191e-13,0,0,0,2714.66430235,10800,833.333333333,498.67565,0,0,True,True,INCREMENTAL_MILP_GAP_REACHED,True,0,6.62763991774e-05,32,1,720,2880,2.7694113669e-10
2025-10-04,stochastic,True,1.13686837722e-13,8.52651282912e-13,0,0,0,4110.97919437,10800,833.333333333,474.425952381,0,0,True,True,INCREMENTAL_MILP_GAP_REACHED,True,0,0.000266087980831,37,1,720,2880,9.77706804406e-12
2025-10-05,stochastic,True,2.27373675443e-13,3.97903932026e-13,0,0,0,1200,8025.66177825,833.333333333,782.898014286,0,0,True,True,INCREMENTAL_MILP_GAP_REACHED,True,0,9.49697093896e-05,35,1,720,2880,9.98170435196e-11
2025-10-06,stochastic,True,1.13686837722e-13,4.54747350886e-13,0,0,0,1200,6472.9535337,833.333333333,789.229216667,0,0,True,True,INCREMENTAL_MILP_GAP_REACHED,True,0,0.00013743781884,23,1,576,2880,2.09320205613e-09
2025-10-07,stochastic,True,1.13686837722e-13,4.54747350886e-13,0,0,0,1200,6673.72432016,833.333333333,788.47547619,0,0,True,True,INCREMENTAL_MILP_GAP_REACHED,True,0,0.000137738288267,31,1,864,2880,9.89075488178e-10
2025-10-08,stochastic,True,1.13686837722e-13,4.54747350886e-13,0,0,0,1200,6942.43858209,833.333333333,793.801561905,0,0,True,True,INCREMENTAL_MILP_GAP_REACHED,True,0,0.000212815782822,35,1,864,2880,4.08590494771e-10
2025-10-09,stochastic,True,1.13686837722e-13,4.29878355135e-13,0,0,0,1200,7402.96981045,833.333333333,804.008283333,0,0,True,True,INCREMENTAL_MILP_GAP_REACHED,True,0,0.000558665354263,28,1,864,2880,3.98358679377e-10
2025-10-10,stochastic,True,1.13686837722e-13,7.38964445191e-13,0,0,0,1505.68042188,10800,833.333333333,471.351516667,0,0,True,True,INCREMENTAL_MILP_GAP_REACHED,True,0,0.000313788278646,27,1,864,2880,1.73599801201e-10
2025-10-11,stochastic,True,1.13686837722e-13,4.54747350886e-13,0,0,0,4240.4536922,10800,833.333333333,496.548333333,0,0,True,True,INCREMENTAL_MILP_GAP_REACHED,True,0,0.000719581107845,34,1,864,2880,5.25801624462e-10
2025-10-12,stochastic,True,2.27373675443e-13,3.97903932026e-13,0,0,0,1200,6852.86720565,829.378611905,827.4006,0,0,True,True,INCREMENTAL_MILP_GAP_REACHED,True,0,0.000496994371714,32,1,720,2880,7.46922523831e-11
2025-10-13,stochastic,True,2.27373675443e-13,4.54747350886e-13,0,0,0,1200,6387.34227481,833.333333333,805.401428571,0,0,True,True,INCREMENTAL_MILP_GAP_REACHED,True,0,0.000275871393629,40,1,720,2880,1.60753188538e-10
2025-10-14,stochastic,True,1.13686837722e-13,4.4320103143e-13,0,0,0,1200,6149.99228976,811.822709524,808.736316667,0,0,True,True,INCREMENTAL_MILP_GAP_REACHED,True,0,0.000671722574159,26,1,1008,2880,7.96603671915e-10
2025-10-15,stochastic,True,1.27897692437e-13,3.97903932026e-13,0,0,0,1200,6287.12824258,811.332357143,785.34195,0,0,True,True,INCREMENTAL_MILP_GAP_REACHED,True,0,0.000207855644091,35,1,864,2880,1.95620941668e-09
2025-10-16,stochastic,True,1.38555833473e-13,4.54747350886e-13,0,0,0,1200,6265.53644098,833.333333333,798.736316667,0,0,True,True,INCREMENTAL_MILP_GAP_REACHED,True,0,3.49888118749e-05,37,1,864,2880,2.63753463514e-11
2025-10-17,stochastic,True,1.13686837722e-13,7.95807864051e-13,0,0,0,1655.12750914,10800,833.333333333,486.102316667,0,0,True,True,INCREMENTAL_MILP_GAP_REACHED,True,0,4.9375539094e-05,34,1,576,2880,3.67492702935e-09
2025-10-18,stochastic,True,1.13686837722e-13,4.54747350886e-13,0,0,0,4556.70245828,10800,833.333333333,466.400033333,0,0,True,True,INCREMENTAL_MILP_GAP_REACHED,True,0,0.000460879232207,35,1,864,2880,1.2193368093e-08
2025-10-19,stochastic,True,1.13686837722e-13,4.54747350886e-13,0,0,0,1200,6858.44353025,833.333333333,825.560833333,0,0,True,True,INCREMENTAL_MILP_GAP_REACHED,True,0,5.33684864109e-05,35,1,576,2880,1.13141140901e-09
2025-10-20,stochastic,True,1.13686837722e-13,4.40536496171e-13,0,0,0,1200,6890.14674378,833.333333333,819.677566667,0,0,True,True,INCREMENTAL_MILP_GAP_REACHED,True,0,4.98940807894e-05,30,1,576,2880,5.1313691074e-09
2025-10-21,stochastic,True,1.13686837722e-13,4.54747350886e-13,0,0,0,1200,6400.35709532,833.333333333,831.973333333,0,0,True,True,INCREMENTAL_MILP_GAP_REACHED,True,0,0.000452033323975,45,1,720,2880,3.66071617464e-10
2025-10-22,stochastic,True,2.27373675443e-13,4.54747350886e-13,0,0,0,1200,7144.4777631,833.333333333,815.529285714,0,0,True,True,INCREMENTAL_MILP_GAP_REACHED,True,0,0.000244548397136,42,1,864,2880,9.1165475169e-10
2025-10-23,stochastic,True,2.27373675443e-13,4.20996570938e-13,0,0,0,1200,7083.50196696,833.333333333,792.501102381,0,0,True,True,INCREMENTAL_MILP_GAP_REACHED,True,0,0.00022815128479,47,1,720,2880,3.17404328598e-07
2025-10-24,stochastic,True,1.13686837722e-13,7.38964445191e-13,0,0,0,1532.47449153,10800,833.333333333,478.7915,0,0,True,True,INCREMENTAL_MILP_GAP_REACHED,True,0,0.000391586451212,52,1,720,2880,1.2323653209e-09
2025-10-25,stochastic,True,1.13686837722e-13,9.09494701773e-13,0,0,0,3960.01686738,10800,833.333333333,485.565,0,0,True,True,INCREMENTAL_MILP_GAP_REACHED,True,0,0.000278042495148,28,1,720,2880,5.00222085975e-11
2025-10-26,stochastic,True,1.13686837722e-13,4.54747350886e-13,0,0,0,1200,7193.88312934,833.333333333,794.242240476,0,0,True,True,INCREMENTAL_MILP_GAP_REACHED,True,0,8.82973538286e-05,47,1,720,2880,4.8999027058e-10
2025-10-27,stochastic,True,1.13686837722e-13,4.33431068814e-13,0,0,0,1200,6533.13126025,833.333333333,829.939695238,0,0,True,True,INCREMENTAL_MILP_GAP_REACHED,True,0,1.62326863616e-05,45,1,720,2880,9.09494701773e-12
2025-10-28,stochastic,True,2.27373675443e-13,4.54747350886e-13,0,0,0,1200,6601.8774686,833.333333333,812.48452381,0,0,True,True,INCREMENTAL_MILP_GAP_REACHED,True,0,2.16580484489e-05,46,1,720,2880,6.91113655193e-09
2025-10-29,stochastic,True,1.13686837722e-13,3.8635761257e-13,0,0,0,1200,6340.75322364,831.671328571,816.212316667,0,0,True,True,INCREMENTAL_MILP_GAP_REACHED,True,0,0.000321064694804,30,1,720,2880,8.64019966684e-12
2025-10-30,stochastic,True,2.27373675443e-13,4.54747350886e-13,0,0,0,1200,6921.86787303,833.333333333,810.991864286,0,0,True,True,INCREMENTAL_MILP_GAP_REACHED,True,0,0.000229026797333,58,1,576,2880,2.34194885707e-11
2025-10-31,stochastic,True,1.13686837722e-13,7.38964445191e-13,0,0,0,1434.48866267,10800,833.333333333,487.621666667,0,0,True,True,INCREMENTAL_MILP_GAP_REACHED,True,0,0.00015568021212,51,1,864,2880,1.26533450384e-09
2025-11-01,stochastic,True,1.13686837722e-13,8.52651282912e-13,0,0,0,4209.54244147,10800,833.333333333,465.195033333,0,0,True,True,INCREMENTAL_MILP_GAP_REACHED,True,0,0.000440344892065,37,1,720,2880,5.00222085975e-12
2025-11-02,stochastic,True,1.13686837722e-13,4.54747350886e-13,0,0,0,1200,7171.79110731,833.333333333,808.075714286,0,0,True,True,INCREMENTAL_MILP_GAP_REACHED,True,0,5.8177116552e-05,49,2,720,2880,1.34491529025e-10
2025-11-03,stochastic,True,2.27373675443e-13,4.12114786741e-13,0,0,0,1200,6822.2900725,833.333333333,808.015,0,0,True,True,INCREMENTAL_MILP_GAP_REACHED,True,0,9.381667814e-05,48,1,720,2880,2.88650880975e-10
2025-11-04,stochastic,True,1.13686837722e-13,4.54747350886e-13,0,0,0,1200,7426.53222324,833.333333333,833.333333333,0,0,True,True,INCREMENTAL_MILP_GAP_REACHED,True,0,0.000240659086536,56,1,576,2880,1.35355548991e-09
2025-11-05,stochastic,True,2.27373675443e-13,4.54747350886e-13,0,0,0,1200,6900.14172772,833.333333333,792.102688095,0,0,True,True,INCREMENTAL_MILP_GAP_REACHED,True,0,6.56683880393e-05,57,1,720,2880,2.43403519562e-10
2025-11-06,stochastic,True,1.13686837722e-13,4.54747350886e-13,0,0,0,1200,7206.19858053,833.333333333,789.636385714,0,0,True,True,INCREMENTAL_MILP_FEASIBLE_TIME_LIMIT,False,1,6.77754695581e-05,50,1,864,2880,1.51885615196e-10
2025-11-07,stochastic,True,1.13686837722e-13,9.09494701773e-13,0,0,0,1392.22075714,10800,833.333333333,482.995,0,0,True,True,INCREMENTAL_MILP_GAP_REACHED,True,0,4.1673436558e-05,46,1,576,2880,6.14136297372e-10
2025-11-08,stochastic,True,5.68434188608e-14,7.38964445191e-13,0,0,0,4777.2371358,10800,833.333333333,481.411666667,0,0,True,True,INCREMENTAL_MILP_GAP_REACHED,True,0,0.000281075011483,46,1,864,2880,1.1527845345e-10
2025-11-09,stochastic,True,1.13686837722e-13,4.54747350886e-13,0,0,0,1200,6521.70789747,833.333333333,791.665238095,0,0,True,True,INCREMENTAL_MILP_GAP_REACHED,True,0,0.000199756139366,45,1,864,2880,2.90128809866e-10
2025-11-10,stochastic,True,2.27373675443e-13,4.54747350886e-13,0,0,0,1200,6356.76460738,833.333333333,740.526566667,0,0,True,True,INCREMENTAL_MILP_GAP_REACHED,True,0,0.000118402202647,47,1,720,2880,1.98269844986e-10
2025-11-11,stochastic,True,1.13686837722e-13,4.54747350886e-13,0,0,0,1200,6783.99291251,833.333333333,732.339533333,0,0,True,True,INCREMENTAL_MILP_FEASIBLE_TIME_LIMIT,False,1,0.000152188958218,32,1,720,2880,4.17230694438e-10
2025-11-12,stochastic,True,2.27373675443e-13,4.54747350886e-13,0,0,0,1200,7177.97864368,833.333333333,744.567966667,0,0,True,True,INCREMENTAL_MILP_GAP_REACHED,True,0,0.000164914318697,46,1,720,2880,5.83213477512e-11
2025-11-13,stochastic,True,2.27373675443e-13,4.54747350886e-13,0,0,0,1200,6605.93883929,833.333333333,737.896616667,0,0,True,True,INCREMENTAL_MILP_GAP_REACHED,True,0,0.000430290061715,42,1,864,2880,1.16529008665e-10
2025-11-14,stochastic,True,1.13686837722e-13,7.95807864051e-13,0,0,0,1462.38713244,10800,833.333333333,469.377816667,0,0,True,True,INCREMENTAL_MILP_GAP_REACHED,True,0,4.11949205156e-05,40,1,720,2880,8.08086042525e-10
2025-11-15,stochastic,True,5.68434188608e-14,8.66862137627e-13,0,0,0,4577.04221474,10800,833.333333333,480.633333333,0,0,True,True,INCREMENTAL_MILP_GAP_REACHED,True,0,0.000110102558157,34,1,576,2880,1.06348352347e-09
2025-11-16,stochastic,True,2.27373675443e-13,3.41060513165e-13,0,0,0,1200,6854.31309669,833.333333333,803.30907381,0,0,True,True,INCREMENTAL_MILP_GAP_REACHED,True,0,4.59291479336e-05,35,1,720,2880,1.22701067085e-08
2025-11-17,stochastic,True,2.27373675443e-13,4.54747350886e-13,0,0,0,1200,7245.55158624,833.333333333,767.994166667,0,0,True,True,INCREMENTAL_MILP_GAP_REACHED,True,0,9.63117179915e-05,47,1,720,2880,1.51430867845e-10
2025-11-18,stochastic,True,2.27373675443e-13,4.54747350886e-13,0,0,0,1200,6961.39354561,833.333333333,747.025416667,0,0,True,True,INCREMENTAL_MILP_GAP_REACHED,True,0,7.74487734906e-05,45,1,576,2880,2.18278728426e-11
2025-11-19,stochastic,True,2.27373675443e-13,4.54747350886e-13,0,0,0,1200,7109.06893302,833.333333333,762.189583333,0,0,True,True,INCREMENTAL_MILP_GAP_REACHED,True,0,2.40783825469e-05,40,1,576,2880,8.79936123965e-11
2025-11-20,stochastic,True,2.27373675443e-13,3.41060513165e-13,0,0,0,1200,6984.49180485,833.333333333,768.775833333,0,0,True,True,INCREMENTAL_MILP_GAP_REACHED,True,0,4.09265664418e-05,34,1,576,2880,3.25144355884e-11
2025-11-21,stochastic,True,1.42108547152e-13,5.11590769747e-13,0,0,0,1352.89301827,10800,833.333333333,455.324266667,0,0,True,True,INCREMENTAL_MILP_GAP_REACHED,True,0,9.22622511816e-06,34,1,576,2880,2.86604517896e-10
2025-11-22,stochastic,True,1.13686837722e-13,6.8212102633e-13,0,0,0,5034.59788624,10800,781.035791005,481.6135,0,0,True,True,INCREMENTAL_MILP_GAP_REACHED,True,0,1.39001607899e-05,24,1,720,2880,8.10621259006e-09
2025-11-23,stochastic,True,2.27373675443e-13,4.05009359383e-13,0,0,0,1200,7898.64947658,833.333333333,794.852619048,0,0,True,True,INCREMENTAL_MILP_FEASIBLE_TIME_LIMIT,False,1,7.4040383523e-06,31,1,576,2880,3.69482222595e-11
2025-11-24,stochastic,True,2.27373675443e-13,4.54747350886e-13,0,0,0,1200,6970.87569567,833.333333333,746.798616667,0,0,True,True,INCREMENTAL_MILP_GAP_REACHED,True,0,5.55122379394e-05,22,1,864,2880,1.36793119054e-07
2025-11-25,stochastic,True,2.27373675443e-13,4.26325641456e-13,0,0,0,1200,7142.92745622,833.333333333,783.449761905,0,0,True,True,INCREMENTAL_MILP_GAP_REACHED,True,0,2.66930087804e-05,38,2,720,2880,3.31965566147e-11
2025-11-26,stochastic,True,2.27373675443e-13,4.54747350886e-13,0,0,0,1200,6989.23653788,831.39432381,785.601428571,0,0,True,True,INCREMENTAL_MILP_GAP_REACHED,True,0,3.50513066804e-05,27,2,720,2880,1.18133129945e-08
2025-11-27,stochastic,True,2.27373675443e-13,4.54747350886e-13,0,0,0,1200,6816.42424256,833.333333333,783.100416667,0,0,True,True,INCREMENTAL_MILP_GAP_REACHED,True,0,4.25006322018e-05,39,1,864,2880,1.72303771251e-09
2025-11-28,stochastic,True,1.13686837722e-13,6.8212102633e-13,0,0,0,1601.82262624,10800,833.333333333,496.233183333,0,0,True,True,INCREMENTAL_MILP_GAP_REACHED,True,0,4.16472030299e-05,24,1,576,2880,1.25055521494e-11
2025-11-29,stochastic,True,1.42108547152e-13,8.10018718767e-13,0,0,0,5168.43103205,10800,833.333333333,488.598983333,0,0,True,True,INCREMENTAL_MILP_GAP_REACHED,True,0,5.74374680514e-05,17,1,720,2880,9.08812580747e-10
2025-11-30,stochastic,True,1.13686837722e-13,4.54747350886e-13,0,0,0,1200,6806.42463177,822.677292857,813.980683333,0,0,True,True,INCREMENTAL_MILP_GAP_REACHED,True,0,5.41492882347e-06,30,1,720,2880,4.03588273912e-11
2025-12-01,stochastic,True,1.13686837722e-13,4.54747350886e-13,0,0,0,1200,6913.52813719,805.306266667,833.333333333,0,0,True,True,INCREMENTAL_MILP_GAP_REACHED,True,0,1.87308533123e-05,22,2,864,2880,6.54930974656e-10
2025-12-02,stochastic,True,2.27373675443e-13,4.54747350886e-13,0,0,0,1200,7174.05292562,833.333333333,833.333333333,0,0,True,True,INCREMENTAL_MILP_GAP_REACHED,True,0,0.000662023086603,53,2,720,2880,2.76691025647e-09
2025-12-03,stochastic,True,2.27373675443e-13,4.09450251482e-13,0,0,0,1200,7360.72717638,833.333333333,833.333333333,0,0,True,True,INCREMENTAL_MILP_GAP_REACHED,True,0,0.000302605701165,69,2,720,2880,1.30012267618e-09
2025-12-04,stochastic,True,2.27373675443e-13,4.54747350886e-13,0,0,0,1200,7003.07215345,833.333333333,833.333333333,0,0,True,True,INCREMENTAL_MILP_GAP_REACHED,True,0,8.76563928472e-05,22,2,720,2880,1.46997081174e-10
2025-12-05,stochastic,True,1.13686837722e-13,7.95807864051e-13,0,0,0,1404.75247522,10800,833.333333333,498.4499,0,0,True,True,INCREMENTAL_MILP_GAP_REACHED,True,0,0.000581983809433,57,2,576,2880,6.2073013396e-11
2025-12-06,stochastic,True,1.13686837722e-13,4.54747350886e-13,0,0,0,5013.91153419,10800,833.333333333,499.875,0,0,True,True,INCREMENTAL_MILP_GAP_REACHED,True,0,0.000222516305191,70,1,432,2880,5.74857494939e-09
2025-12-07,stochastic,True,2.27373675443e-13,4.54747350886e-13,0,0,0,1200,7129.61414455,833.333333333,822.930654762,0,0,True,True,INCREMENTAL_MILP_GAP_REACHED,True,0,0.000351700462933,54,1,432,2880,9.52695700107e-10
2025-12-08,stochastic,True,2.27373675443e-13,4.54747350886e-13,0,0,0,1200,7336.69245639,833.333333333,771.890297619,0,0,True,True,INCREMENTAL_MILP_GAP_REACHED,True,0,0.000305815399692,85,1,576,2880,2.0315387288e-09
2025-12-09,stochastic,True,2.27373675443e-13,4.54747350886e-13,0,0,0,1200,7244.17742445,833.333333333,833.333333333,0,0,True,True,INCREMENTAL_MILP_GAP_REACHED,True,0,0.000793517473858,54,1,864,2880,1.20508047985e-10
2025-12-10,stochastic,True,2.27373675443e-13,4.54747350886e-13,0,0,0,1200,7173.1605263,833.333333333,751.869285714,0,0,True,True,INCREMENTAL_MILP_GAP_REACHED,True,0,0.000166384916959,81,1,720,2880,1.04250830191e-10
2025-12-11,stochastic,True,1.13686837722e-13,4.54747350886e-13,0,0,0,1200,7834.1572611,833.333333333,776.250930952,0,0,True,True,INCREMENTAL_MILP_GAP_REACHED,True,0,0.000466123015174,62,1,576,2880,2.57932660622e-09
2025-12-12,stochastic,True,1.42108547152e-13,4.54747350886e-13,0,0,0,1593.62088217,10800,833.333333333,498.097266667,0,0,True,True,INCREMENTAL_MILP_GAP_REACHED,True,0,0.000701733485147,66,1,720,2880,4.92536855745e-09
2025-12-13,stochastic,True,1.13686837722e-13,4.54747350886e-13,0,0,0,5254.60672222,10800,833.333333333,481.087566667,0,0,True,True,INCREMENTAL_MILP_GAP_REACHED,True,0,0.000315262683485,49,1,720,2880,5.82076609135e-11
2025-12-14,stochastic,True,2.27373675443e-13,4.54747350886e-13,0,0,0,1200,7190.37114598,833.333333333,793.105735714,0,0,True,True,INCREMENTAL_MILP_GAP_REACHED,True,0,0.000227835487662,61,1,576,2880,4.2064129957e-12
2025-12-15,stochastic,True,1.13686837722e-13,4.54747350886e-13,0,0,0,1200,7320.40380153,833.333333333,783.79952381,0,0,True,True,INCREMENTAL_MILP_GAP_REACHED,True,0,0.000382937532131,75,1,576,2880,1.85991666513e-10
2025-12-16,stochastic,True,2.27373675443e-13,4.54747350886e-13,0,0,0,1200,7560.48514827,833.333333333,799.486628571,0,0,True,True,INCREMENTAL_MILP_GAP_REACHED,True,0,0.000161892030569,89,1,576,2880,6.01858118898e-10
2025-12-17,stochastic,True,1.13686837722e-13,4.54747350886e-13,0,0,0,1200,7466.55537146,833.333333333,801.395740476,0,0,True,True,INCREMENTAL_MILP_GAP_REACHED,True,0,0.000176933787237,89,1,576,2880,2.09142854146e-08
2025-12-18,stochastic,True,2.27373675443e-13,4.54747350886e-13,0,0,0,1200,7452.80398503,833.333333333,805.035388095,0,0,True,True,INCREMENTAL_MILP_GAP_REACHED,True,0,0.000369432724744,88,1,576,2880,7.95807864051e-12
2025-12-19,stochastic,True,1.42108547152e-13,7.53175299906e-13,0,0,0,1587.21779079,10800,833.333333333,498.888333333,0,0,True,True,INCREMENTAL_MILP_GAP_REACHED,True,0,0.000518761046254,62,2,720,2880,5.37966116099e-10
2025-12-20,stochastic,True,1.13686837722e-13,5.11590769747e-13,0,0,0,4922.53476857,10800,833.333333333,467.526983333,0,0,True,True,INCREMENTAL_MILP_GAP_REACHED,True,0,0.000189109093873,67,1,576,2880,1.94696672586e-08
2025-12-21,stochastic,True,2.27373675443e-13,4.54747350886e-13,0,0,0,1200,7296.88697981,833.333333333,790.540059524,0,0,True,True,INCREMENTAL_MILP_GAP_REACHED,True,0,0.000184079854574,69,1,576,2880,2.41334419115e-09
2025-12-22,stochastic,True,2.27373675443e-13,4.54747350886e-13,0,0,0,1200,7331.12015926,833.333333333,822.636835714,0,0,True,True,INCREMENTAL_MILP_GAP_REACHED,True,0,0.000520614407675,84,1,576,2880,2.84285306407e-09
2025-12-23,stochastic,True,2.27373675443e-13,4.20996570938e-13,0,0,0,1200,7252.89456273,833.333333333,764.076483333,0,0,True,True,INCREMENTAL_MILP_GAP_REACHED,True,0,0.000287773476735,90,1,576,2880,1.08109784804e-09
2025-12-24,stochastic,True,2.27373675443e-13,4.54747350886e-13,0,0,0,1200,7422.37464407,833.333333333,820.39202381,0,0,True,True,INCREMENTAL_MILP_GAP_REACHED,True,0,0.000150205991769,88,1,576,2880,6.40966391074e-10
2025-12-25,stochastic,True,2.27373675443e-13,4.54747350886e-13,0,0,0,1200,7414.80638399,833.333333333,752.927083333,0,0,True,True,INCREMENTAL_MILP_GAP_REACHED,True,0,0.000348670383724,86,1,576,2880,1.27329258248e-11
2025-12-26,stochastic,True,1.13686837722e-13,3.05533376377e-13,0,0,0,1712.35730222,10800,833.333333333,459.405,0,0,True,True,INCREMENTAL_MILP_GAP_REACHED,True,0,0.000247284615608,82,1,720,2880,1.200395367e-10
2025-12-27,stochastic,True,1.13686837722e-13,6.8212102633e-13,0,0,0,5094.64237031,10800,833.333333333,491.2089,0,0,True,True,INCREMENTAL_MILP_GAP_REACHED,True,0,0.000168958237393,73,1,576,2880,1.42489398058e-08
2025-12-28,stochastic,True,2.27373675443e-13,7.85149723015e-13,0,0,0,1200,8380.65024585,833.333333333,830.205145238,0,0,True,True,INCREMENTAL_MILP_GAP_REACHED,True,0,0.00011493830551,71,1,576,2880,5.67183633393e-09
2025-12-29,stochastic,True,2.27373675443e-13,4.54747350886e-13,0,0,0,1200,7579.54750716,833.333333333,793.158652381,0,0,True,True,INCREMENTAL_MILP_GAP_REACHED,True,0,0.000210118864631,80,1,576,2880,2.74667399935e-10
2025-12-30,stochastic,True,2.27373675443e-13,7.14095449439e-13,0,0,0,1200,8573.28486352,833.333333333,821.823571429,0,0,True,True,INCREMENTAL_MILP_GAP_REACHED,True,0,0.000245675399949,85,1,432,2880,1.14596332423e-10
2025-12-31,stochastic,True,2.27373675443e-13,4.26325641456e-13,0,0,0,1200,7348.06594897,833.333333333,804.60257381,0,0,True,True,INCREMENTAL_MILP_GAP_REACHED,True,0,0.000455185386957,40,1,576,2880,2.8489921533e-10
